dimension,n,R2_winner,r_winner,R2_own_best,own_best_model
p_factor,1499,0.07917520231026576,0.2826180772091948,0.08333320990473592,Stacking
internalizing,1499,0.018352169198837753,0.13696444828652116,0.020171861122343038,ElasticNet
externalizing,1499,0.022656935010366253,0.15194220719405266,0.024200012689762462,ElasticNet
attention,1499,0.053497296136258754,0.24518654395330688,0.060122704823301176,ElasticNet
