dimension,n,R2_winner,r_winner,R2_own_best,own_best_model
p_factor,1499,0.0819169305841243,0.28668778854038196,0.08071833919263627,Stacking
internalizing,1499,0.01957201957050536,0.14027798064705876,0.020171861122343038,ElasticNet
externalizing,1499,0.023731279655627047,0.1552058242298939,0.024200012689762462,ElasticNet
attention,1499,0.05938351765580341,0.24463104161473717,0.060843897469697206,Stacking
