,Ridge,ElasticNet,KernelRidge,SVR-RBF,RandomForest,HistGB,XGBoost,MLP,Stacking
1 demographics,0.07528814783336091,0.0759954968218628,0.08111803332380862,0.06489689955219224,0.07680014716705186,0.05761824518021874,0.05162022930707122,0.06028309020682843,0.07845222241298488
2 +global,0.07896661398546923,0.080362705181108,0.07084462826304128,0.0676383294492322,0.07013758411406701,0.05903225413476876,0.043253065647637534,0.038609251032875935,0.07917520231026576
3 +subcortical,0.07100718342716317,0.07391638646150211,0.0613172406317658,0.03393119486282148,0.06825630645403269,0.05132378521236347,0.05826658528371731,-0.03446351516201873,0.07265838135874336
4 +cortical (full struct),0.04603018914982848,0.05671624389985286,0.03281066655677578,0.012823381391739996,0.05308316974608818,0.034988831735490944,0.027210138296640207,-0.1886214046339032,0.05011108014567933
5 theory structural,0.06848013262473318,0.07255933767105271,0.06675729644135331,0.04114645054707311,0.06368557122173235,0.04689499666843289,0.04749032785073326,0.007621102076208475,0.0751416305098952
6 demo+FC cortical,0.07413585267932854,0.07371379264925904,0.06306577950964865,0.03669037994924451,0.06630226148009666,0.05048475636463512,0.020031843861989085,0.0027108292234157005,0.07501159192597062
7 demo+FC all,0.0672118411250926,0.06845237459208875,0.05294179955476508,-0.003617193973472821,0.057123105896622284,0.032789299380848846,0.010386865463055783,-0.021725783384061614,0.0674232198704322
8 lean multimodal,0.06728095388585531,0.0675485534738095,0.06131079620387825,0.018884751416792245,0.06237267316288686,0.05414909100978693,0.03494138677745018,-0.018128298387412256,0.06880052862073938
9 rich multimodal,0.04731783383870236,0.051845014867302086,0.015687507457017635,0.011619028112625385,0.057251240649213386,0.04139899036235073,0.020813709720765572,-0.2812067160347318,0.05198079880870665
