,Ridge,ElasticNet,SVR-RBF,HistGB,Stacking
1 demographics,0.2721901666966492,0.2727106427915437,0.2708437254539895,0.26814146464383853,0.28491862319134964
2 +global,0.279581684870175,0.2783171103850621,0.2722087597376052,0.26691196280714413,0.28668778854038196
3 +subcortical,0.2623544945022514,0.2685816074695472,0.23567364079501493,0.2526114807757305,0.26974884205164773
4 +cortical (full struct),0.22581965613873062,0.24805013243571222,0.20195674301591443,0.2313915965470103,0.24947970648135925
5 demo+FC cortical,0.2704591911155457,0.2661319082923016,0.2383763816316979,0.24611620815035817,0.27158741985980367
6 demo+FC all,0.2590390543365504,0.25732957614749974,0.21026519319172088,0.23888123309204612,0.2634010265605949
7 lean multimodal,0.27258386704994264,0.27052064405523124,0.2397914464910112,0.24875308844861976,0.27289407776165825
8 rich multimodal,0.22962178024091318,0.24167527507138484,0.19430952363731038,0.23526988459769438,0.24922607312751394
