,Ridge,ElasticNet,SVR-RBF,HistGB,Stacking
1 demographics,0.07391345837757524,0.074270938665004,0.06267088132179599,0.07113048771668817,0.08114567446462839
2 +global,0.07813818268635675,0.07745701680763684,0.06456048170735595,0.0710875158692954,0.0819169305841243
3 +subcortical,0.06875555800954125,0.07205167728446782,0.03059564805628756,0.06373731845230435,0.0727428751025555
4 +cortical (full struct),0.05099164284361046,0.06116809263606626,0.01809236853784235,0.053422666312141764,0.06194702496494231
5 demo+FC cortical,0.07300878758936513,0.07067760011732838,0.03480031216855839,0.060375304369011284,0.0734593241876631
6 demo+FC all,0.06709914570958997,0.06620973719726453,0.008950770817908182,0.05671743593559353,0.06887250689981783
7 lean multimodal,0.07429243740504532,0.0731005512952424,0.032962753747271645,0.06185492989986996,0.07391656961809623
8 rich multimodal,0.052708158675331296,0.05767419376119487,0.023373819197235024,0.05496660842808432,0.061212212702477786
